Genus,Species,Center Lat,Center Long,C-Square Code,Overall Probability
Anoplarchus,purpurescens,60.75,-152.25,7615:102:3,0.03
Anoplarchus,purpurescens,60.25,-151.75,7615:101:2,0.15
Anoplarchus,purpurescens,60.75,-150.75,7615:100:4,0.03
Anoplarchus,purpurescens,60.75,-150.25,7615:100:3,0.12
Anoplarchus,purpurescens,61.25,-149.75,7614:219:2,0.03
Anoplarchus,purpurescens,61.25,-149.25,7614:219:1,0.15
Anoplarchus,purpurescens,61.25,-147.25,7614:217:1,0.19
Anoplarchus,purpurescens,58.75,-176.25,7517:486:3,0.02
Anoplarchus,purpurescens,58.75,-173.75,7517:383:4,0.04
Anoplarchus,purpurescens,58.75,-172.75,7517:382:4,0.03
Anoplarchus,purpurescens,58.75,-172.25,7517:382:3,0.01
Anoplarchus,purpurescens,58.25,-171.25,7517:381:1,0.02
Anoplarchus,purpurescens,57.25,-173.25,7517:373:1,0.15
Anoplarchus,purpurescens,57.75,-172.75,7517:372:4,0.04
Anoplarchus,purpurescens,57.75,-172.25,7517:372:3,0.17
Anoplarchus,purpurescens,57.25,-172.75,7517:372:2,0.1
Anoplarchus,purpurescens,57.75,-171.75,7517:371:4,0.05
Anoplarchus,purpurescens,57.75,-171.25,7517:371:3,0.12
Anoplarchus,purpurescens,57.25,-170.25,7517:370:1,0.17
Anoplarchus,purpurescens,57.75,-169.75,7516:479:4,0.04
Anoplarchus,purpurescens,57.25,-169.75,7516:479:2,0.17
Anoplarchus,purpurescens,57.25,-169.25,7516:479:1,0.04
Anoplarchus,purpurescens,57.25,-168.75,7516:478:2,0.09
Anoplarchus,purpurescens,56.75,-168.75,7516:468:4,0.06
Anoplarchus,purpurescens,59.75,-162.25,7516:392:3,0.02
Anoplarchus,purpurescens,59.75,-161.75,7516:391:4,0.02
Anoplarchus,purpurescens,59.25,-161.75,7516:391:2,0.02
Anoplarchus,purpurescens,54.25,-163.25,7516:143:1,0.07
Anoplarchus,purpurescens,53.75,-164.25,7516:134:3,0.07
Anoplarchus,purpurescens,59.25,-158.75,7515:498:2,0.02
Anoplarchus,purpurescens,59.25,-158.25,7515:498:1,0.03
Anoplarchus,purpurescens,59.25,-156.75,7515:496:2,0.11
Anoplarchus,purpurescens,58.75,-159.25,7515:489:3,0.01
Anoplarchus,purpurescens,58.75,-158.75,7515:488:4,0.06
Anoplarchus,purpurescens,58.75,-158.25,7515:488:3,0.11
Anoplarchus,purpurescens,58.75,-157.75,7515:487:4,0.18
Anoplarchus,purpurescens,57.25,-159.75,7515:479:2,0.01
Anoplarchus,purpurescens,56.75,-159.75,7515:469:4,0.09
Anoplarchus,purpurescens,56.75,-159.25,7515:469:3,0.06
Anoplarchus,purpurescens,56.75,-158.75,7515:468:4,0.04
Anoplarchus,purpurescens,56.25,-155.75,7515:465:2,0.07
Anoplarchus,purpurescens,56.25,-153.75,7515:363:2,0.07
Anoplarchus,purpurescens,52.75,-130.75,7513:120:4,0.14
Anoplarchus,purpurescens,38.25,-122.25,7312:382:1,0.19
Anoplarchus,purpurescens,37.75,-122.75,7312:372:4,0.1
Anoplarchus,purpurescens,34.25,-118.25,7311:248:1,0.1
Anoplarchus,purpurescens,33.75,-118.75,7311:238:4,0.16
Anoplarchus,purpurescens,33.75,-118.25,7311:238:3,0.13
Anoplarchus,purpurescens,33.25,-118.75,7311:238:2,0.16
Anoplarchus,purpurescens,33.25,-118.25,7311:238:1,0.08
Anoplarchus,purpurescens,33.25,-117.75,7311:237:2,0.05
Anoplarchus,purpurescens,32.75,-118.75,7311:228:4,0.09
Anoplarchus,purpurescens,32.75,-118.25,7311:228:3,0.1
Anoplarchus,purpurescens,32.75,-117.25,7311:227:3,0.07
Anoplarchus,purpurescens,32.25,-117.25,7311:227:1,0.1
Anoplarchus,purpurescens,61.25,174.75,1617:114:2,0.02
Anoplarchus,purpurescens,60.75,172.25,1617:102:3,0.04
Anoplarchus,purpurescens,60.75,171.75,1617:101:4,0.03
Anoplarchus,purpurescens,60.75,171.25,1617:101:3,0.04
Anoplarchus,purpurescens,60.25,170.75,1617:100:2,0.12
Anoplarchus,purpurescens,60.25,170.25,1617:100:1,0.18
Anoplarchus,purpurescens,60.75,169.25,1616:209:3,0.09
Anoplarchus,purpurescens,60.75,168.75,1616:208:4,0.08
Anoplarchus,purpurescens,60.75,168.25,1616:208:3,0.05
Anoplarchus,purpurescens,60.75,167.75,1616:207:4,0.02
Anoplarchus,purpurescens,60.25,167.75,1616:207:2,0.19
Anoplarchus,purpurescens,60.25,167.25,1616:207:1,0.15
Anoplarchus,purpurescens,60.25,166.75,1616:206:2,0.13
Anoplarchus,purpurescens,60.25,166.25,1616:206:1,0.11
Anoplarchus,purpurescens,60.25,165.75,1616:205:2,0.11
Anoplarchus,purpurescens,60.25,165.25,1616:205:1,0.02
Anoplarchus,purpurescens,52.25,178.75,1517:228:2,0.18
Anoplarchus,purpurescens,52.25,178.25,1517:228:1,0.18
Anoplarchus,purpurescens,52.25,176.75,1517:226:2,0.13
Anoplarchus,purpurescens,52.25,176.25,1517:226:1,0.1
Anoplarchus,purpurescens,52.25,175.75,1517:225:2,0.13
Anoplarchus,purpurescens,51.25,179.75,1517:219:2,0.09
Anoplarchus,purpurescens,51.75,175.75,1517:215:4,0.11
Anoplarchus,purpurescens,53.25,173.25,1517:133:1,0.19
Anoplarchus,purpurescens,59.75,166.25,1516:496:3,0.16
Anoplarchus,purpurescens,59.75,165.75,1516:495:4,0.11
Anoplarchus,purpurescens,55.75,165.25,1516:455:3,0.17
Anoplarchus,purpurescens,57.25,162.75,1516:372:2,0.17
Anoplarchus,purpurescens,56.25,162.25,1516:362:1,0.11
Anoplarchus,purpurescens,57.25,157.25,1515:477:1,0.02
Anoplarchus,purpurescens,57.25,156.75,1515:476:2,0.11
Anoplarchus,purpurescens,57.25,156.25,1515:476:1,0.11
Anoplarchus,purpurescens,55.75,155.25,1515:455:3,0.1
Anoplarchus,purpurescens,59.25,151.75,1515:391:2,0.04
Anoplarchus,purpurescens,53.25,153.75,1515:133:2,0.02
Anoplarchus,purpurescens,48.25,153.75,1415:383:2,0.03
Anoplarchus,purpurescens,49.25,143.75,1414:393:2,0.06
Anoplarchus,purpurescens,49.25,142.75,1414:392:2,0.1
Anoplarchus,purpurescens,49.75,140.25,1414:390:3,0.02
Anoplarchus,purpurescens,49.25,140.75,1414:390:2,0.06
Anoplarchus,purpurescens,49.25,140.25,1414:390:1,0.14
Anoplarchus,purpurescens,48.75,142.25,1414:382:3,0.17
Anoplarchus,purpurescens,48.75,141.75,1414:381:4,0.1
Anoplarchus,purpurescens,48.25,140.25,1414:380:1,0.11
Anoplarchus,purpurescens,47.75,142.75,1414:372:4,0.04
Anoplarchus,purpurescens,47.25,142.75,1414:372:2,0.17
Anoplarchus,purpurescens,47.25,141.75,1414:371:2,0.16
Anoplarchus,purpurescens,46.25,143.75,1414:363:2,0.05
Anoplarchus,purpurescens,43.75,141.25,1414:131:3,0.13
Anoplarchus,purpurescens,42.25,141.75,1414:121:2,0.14
Anoplarchus,purpurescens,41.25,140.25,1414:110:1,0.06
Anoplarchus,purpurescens,47.75,139.75,1413:479:4,0.11
Anoplarchus,purpurescens,46.75,138.75,1413:468:4,0.12
Anoplarchus,purpurescens,46.25,138.25,1413:468:1,0.12
Anoplarchus,purpurescens,45.25,137.25,1413:457:1,0.16
Anoplarchus,purpurescens,45.25,136.75,1413:456:2,0.19
Anoplarchus,purpurescens,44.75,136.75,1413:246:4,0.17
Anoplarchus,purpurescens,43.75,135.75,1413:235:4,0.19
Anoplarchus,purpurescens,43.25,135.25,1413:235:1,0.07
Anoplarchus,purpurescens,42.25,139.75,1413:229:2,0.09
Anoplarchus,purpurescens,40.75,139.75,1413:209:4,0.05
Anoplarchus,purpurescens,43.25,134.75,1413:134:2,0.09
Anoplarchus,purpurescens,43.25,134.25,1413:134:1,0.19
Anoplarchus,purpurescens,42.75,133.25,1413:123:3,0.14
Anoplarchus,purpurescens,42.75,132.75,1413:122:4,0.03
Anoplarchus,purpurescens,42.75,131.25,1413:121:3,0.01
Anoplarchus,purpurescens,42.75,130.75,1413:120:4,0.1
Anoplarchus,purpurescens,40.75,121.25,1412:101:3,0.03
Anoplarchus,purpurescens,37.25,141.25,1314:371:1,0.17
Anoplarchus,purpurescens,37.25,140.75,1314:370:2,0.05
Anoplarchus,purpurescens,36.75,140.75,1314:360:4,0.04
Anoplarchus,purpurescens,39.75,139.75,1313:499:4,0.13
Anoplarchus,purpurescens,39.25,139.75,1313:499:2,0.16
Anoplarchus,purpurescens,38.75,139.75,1313:489:4,0.19
Anoplarchus,purpurescens,38.75,139.25,1313:489:3,0.05
Anoplarchus,purpurescens,38.25,139.25,1313:489:1,0.11
Anoplarchus,purpurescens,38.25,138.75,1313:488:2,0.05
Anoplarchus,purpurescens,38.25,138.25,1313:488:1,0.01
Anoplarchus,purpurescens,37.75,139.25,1313:479:3,0.08
Anoplarchus,purpurescens,37.75,138.75,1313:478:4,0.07
Anoplarchus,purpurescens,37.75,138.25,1313:478:3,0.06
Anoplarchus,purpurescens,37.25,138.75,1313:478:2,0.02
Anoplarchus,purpurescens,37.25,138.25,1313:478:1,0.05
Anoplarchus,purpurescens,37.75,137.25,1313:477:3,0.01
Anoplarchus,purpurescens,37.25,137.75,1313:477:2,0.03
Anoplarchus,purpurescens,37.25,137.25,1313:477:1,0.02
Anoplarchus,purpurescens,37.75,136.75,1313:476:4,0.01
Anoplarchus,purpurescens,37.25,130.75,1313:370:2,0.01
Anoplarchus,purpurescens,38.25,128.25,1312:488:1,0.16
Anoplarchus,purpurescens,37.25,129.25,1312:479:1,0.15
Anoplarchus,purpurescens,36.75,129.75,1312:469:4,0.04
Anoplarchus,purpurescens,36.75,129.25,1312:469:3,0.12
Anoplarchus,purpurescens,36.25,129.25,1312:469:1,0.04
Anoplarchus,purpurescens,36.75,125.75,1312:465:4,0.07
Anoplarchus,purpurescens,35.25,128.25,1312:458:1,0.02
Anoplarchus,purpurescens,35.75,125.75,1312:455:4,0.02
Anoplarchus,purpurescens,35.25,125.75,1312:455:2,0.08
Anoplarchus,purpurescens,39.25,124.75,1312:394:2,0.02
Anoplarchus,purpurescens,39.75,122.75,1312:392:4,0.08
Anoplarchus,purpurescens,38.75,124.75,1312:384:4,0.16
Anoplarchus,purpurescens,38.25,124.75,1312:384:2,0.18
Anoplarchus,purpurescens,35.75,120.25,1312:350:3,0.02
Anoplarchus,purpurescens,34.75,128.25,1312:248:3,0.01
Anoplarchus,purpurescens,34.75,127.75,1312:247:4,0.05
Anoplarchus,purpurescens,34.75,127.25,1312:247:3,0.06
Anoplarchus,purpurescens,34.25,127.25,1312:247:1,0.04
Anoplarchus,purpurescens,34.25,126.75,1312:246:2,0.07
Anoplarchus,purpurescens,34.25,126.25,1312:246:1,0.03
Anoplarchus,purpurescens,34.75,125.75,1312:245:4,0.01
Anoplarchus,purpurescens,34.25,125.75,1312:245:2,0.01
Anoplarchus,purpurescens,33.75,125.25,1312:235:3,0.01
Anoplarchus,purpurescens,34.25,122.25,1312:142:1,0.06
Anoplarchus,purpurescens,33.75,122.75,1312:132:4,0.01
Anoplarchus,purpurescens,33.75,122.25,1312:132:3,0.06
Anoplarchus,purpurescens,33.25,122.75,1312:132:2,0.01
Anoplarchus,purpurescens,33.25,122.25,1312:132:1,0.06
Anoplarchus,purpurescens,33.75,121.25,1312:131:3,0.01
Anoplarchus,purpurescens,33.25,121.75,1312:131:2,0.03
Anoplarchus,purpurescens,33.25,121.25,1312:131:1,0.1
Anoplarchus,purpurescens,33.75,120.75,1312:130:4,0.19
Anoplarchus,purpurescens,32.75,122.75,1312:122:4,0.01
Anoplarchus,purpurescens,32.75,122.25,1312:122:3,0.05
Anoplarchus,purpurescens,32.25,122.75,1312:122:2,0.03
Anoplarchus,purpurescens,32.25,122.25,1312:122:1,0.1
Anoplarchus,purpurescens,32.75,121.75,1312:121:4,0.17
Anoplarchus,purpurescens,32.75,121.25,1312:121:3,0.08
Anoplarchus,purpurescens,32.75,120.75,1312:120:4,0.04
Anoplarchus,purpurescens,39.25,118.25,1311:498:1,0.15
Anoplarchus,purpurescens,38.25,119.25,1311:489:1,0.05
Anoplarchus,purpurescens,38.75,118.25,1311:488:3,0.09
Anoplarchus,purpurescens,37.25,119.25,1311:479:1,0.15
Anoplarchus,purpurescens,37.25,118.75,1311:478:2,0.02
Anoplarchus,purpurescens,35.75,119.75,1311:459:4,0.18
Anoplarchus,purpurescens,35.25,119.25,1311:459:1,0.12
Anoplarchus,purpurescens,34.75,119.25,1311:249:3,0.07
Anoplarchus,purpurescens,60.25,-152.75,7615:102:2,0.29
Anoplarchus,purpurescens,60.25,-152.25,7615:102:1,0.28
Anoplarchus,purpurescens,60.25,-151.25,7615:101:1,0.2
Anoplarchus,purpurescens,61.25,-148.25,7614:218:1,0.37
Anoplarchus,purpurescens,60.75,-149.75,7614:209:4,0.35
Anoplarchus,purpurescens,60.75,-148.75,7614:208:4,0.28
Anoplarchus,purpurescens,57.25,-172.25,7517:372:1,0.26
Anoplarchus,purpurescens,57.25,-171.25,7517:371:1,0.25
Anoplarchus,purpurescens,57.25,-170.75,7517:370:2,0.24
Anoplarchus,purpurescens,56.75,-172.75,7517:362:4,0.27
Anoplarchus,purpurescens,56.75,-172.25,7517:362:3,0.29
Anoplarchus,purpurescens,52.25,-179.75,7517:229:2,0.34
Anoplarchus,purpurescens,56.25,-160.75,7516:360:2,0.38
Anoplarchus,purpurescens,52.75,-168.25,7516:228:3,0.36
Anoplarchus,purpurescens,58.75,-157.25,7515:487:3,0.27
Anoplarchus,purpurescens,58.25,-157.75,7515:487:2,0.24
Anoplarchus,purpurescens,58.25,-155.25,7515:485:1,0.31
Anoplarchus,purpurescens,57.25,-157.75,7515:477:2,0.35
Anoplarchus,purpurescens,58.75,-154.25,7515:384:3,0.32
Anoplarchus,purpurescens,59.75,-142.25,7514:392:3,0.29
Anoplarchus,purpurescens,59.25,-136.75,7513:496:2,0.27
Anoplarchus,purpurescens,59.25,-136.25,7513:496:1,0.26
Anoplarchus,purpurescens,53.25,-128.75,7512:238:2,0.33
Anoplarchus,purpurescens,51.75,-127.25,7512:217:3,0.33
Anoplarchus,purpurescens,49.25,-125.25,7412:495:1,0.33
Anoplarchus,purpurescens,47.25,-122.75,7412:372:2,0.2
Anoplarchus,purpurescens,46.25,-123.75,7412:363:2,0.35
Anoplarchus,purpurescens,38.25,-122.75,7312:382:2,0.36
Anoplarchus,purpurescens,37.25,-122.25,7312:372:1,0.29
Anoplarchus,purpurescens,34.25,-119.75,7311:249:2,0.38
Anoplarchus,purpurescens,34.25,-119.25,7311:249:1,0.31
Anoplarchus,purpurescens,34.25,-118.75,7311:248:2,0.23
Anoplarchus,purpurescens,33.75,-119.75,7311:239:4,0.34
Anoplarchus,purpurescens,33.25,-119.75,7311:239:2,0.36
Anoplarchus,purpurescens,33.25,-119.25,7311:239:1,0.27
Anoplarchus,purpurescens,60.25,171.25,1617:101:1,0.21
Anoplarchus,purpurescens,60.25,169.75,1616:209:2,0.23
Anoplarchus,purpurescens,60.25,169.25,1616:209:1,0.26
Anoplarchus,purpurescens,59.75,170.25,1517:390:3,0.28
Anoplarchus,purpurescens,52.25,179.75,1517:229:2,0.33
Anoplarchus,purpurescens,52.25,179.25,1517:229:1,0.26
Anoplarchus,purpurescens,52.25,177.75,1517:227:2,0.2
Anoplarchus,purpurescens,52.25,177.25,1517:227:1,0.2
Anoplarchus,purpurescens,51.75,178.25,1517:218:3,0.37
Anoplarchus,purpurescens,53.25,172.75,1517:132:2,0.2
Anoplarchus,purpurescens,52.75,172.25,1517:122:3,0.27
Anoplarchus,purpurescens,59.75,166.75,1516:496:4,0.25
Anoplarchus,purpurescens,59.25,165.25,1516:495:1,0.22
Anoplarchus,purpurescens,58.75,164.25,1516:384:3,0.38
Anoplarchus,purpurescens,58.25,163.75,1516:383:2,0.34
Anoplarchus,purpurescens,57.25,163.25,1516:373:1,0.27
Anoplarchus,purpurescens,56.75,163.25,1516:363:3,0.33
Anoplarchus,purpurescens,56.75,162.75,1516:362:4,0.21
Anoplarchus,purpurescens,55.75,161.75,1516:351:4,0.32
Anoplarchus,purpurescens,54.75,168.25,1516:248:3,0.25
Anoplarchus,purpurescens,56.75,156.25,1515:466:3,0.2
Anoplarchus,purpurescens,56.75,155.75,1515:465:4,0.22
Anoplarchus,purpurescens,56.25,155.75,1515:465:2,0.31
Anoplarchus,purpurescens,55.75,155.75,1515:455:4,0.39
Anoplarchus,purpurescens,52.75,158.25,1515:228:3,0.27
Anoplarchus,purpurescens,51.75,158.75,1515:218:4,0.23
Anoplarchus,purpurescens,53.25,154.75,1515:134:2,0.24
Anoplarchus,purpurescens,49.25,153.75,1415:393:2,0.28
Anoplarchus,purpurescens,48.75,154.25,1415:384:3,0.37
Anoplarchus,purpurescens,48.25,153.25,1415:383:1,0.23
Anoplarchus,purpurescens,47.75,153.25,1415:373:3,0.36
Anoplarchus,purpurescens,47.75,152.75,1415:372:4,0.32
Anoplarchus,purpurescens,47.25,152.75,1415:372:2,0.29
Anoplarchus,purpurescens,47.25,152.25,1415:372:1,0.35
Anoplarchus,purpurescens,46.75,152.25,1415:362:3,0.38
Anoplarchus,purpurescens,46.75,150.75,1415:360:4,0.36
Anoplarchus,purpurescens,48.75,143.25,1414:383:3,0.27
Anoplarchus,purpurescens,48.75,142.75,1414:382:4,0.23
Anoplarchus,purpurescens,48.25,142.75,1414:382:2,0.27
Anoplarchus,purpurescens,48.75,140.25,1414:380:3,0.29
Anoplarchus,purpurescens,45.75,141.25,1414:351:3,0.28
Anoplarchus,purpurescens,45.25,141.25,1414:351:1,0.27
Anoplarchus,purpurescens,44.75,141.75,1414:141:4,0.23
Anoplarchus,purpurescens,43.25,144.25,1414:134:1,0.32
Anoplarchus,purpurescens,42.75,140.25,1414:120:3,0.27
Anoplarchus,purpurescens,41.75,140.75,1414:110:4,0.29
Anoplarchus,purpurescens,41.75,140.25,1414:110:3,0.23
Anoplarchus,purpurescens,41.25,140.75,1414:110:2,0.22
Anoplarchus,purpurescens,40.75,140.25,1414:100:3,0.31
Anoplarchus,purpurescens,40.25,140.25,1414:100:1,0.37
Anoplarchus,purpurescens,48.25,139.75,1413:489:2,0.24
Anoplarchus,purpurescens,47.75,139.25,1413:479:3,0.24
Anoplarchus,purpurescens,47.25,139.25,1413:479:1,0.26
Anoplarchus,purpurescens,47.25,138.75,1413:478:2,0.36
Anoplarchus,purpurescens,46.75,138.25,1413:468:3,0.26
Anoplarchus,purpurescens,46.25,137.75,1413:467:2,0.22
Anoplarchus,purpurescens,45.75,137.75,1413:457:4,0.22
Anoplarchus,purpurescens,45.75,137.25,1413:457:3,0.2
Anoplarchus,purpurescens,44.75,136.25,1413:246:3,0.31
Anoplarchus,purpurescens,44.25,136.25,1413:246:1,0.26
Anoplarchus,purpurescens,43.75,135.25,1413:235:3,0.31
Anoplarchus,purpurescens,40.25,139.75,1413:209:2,0.21
Anoplarchus,purpurescens,42.25,130.75,1413:120:2,0.27
Anoplarchus,purpurescens,39.75,140.25,1314:390:3,0.32
Anoplarchus,purpurescens,39.25,140.25,1314:390:1,0.28
Anoplarchus,purpurescens,38.25,141.75,1314:381:2,0.38
Anoplarchus,purpurescens,38.25,140.75,1314:380:2,0.32
Anoplarchus,purpurescens,37.75,141.25,1314:371:3,0.34
Anoplarchus,purpurescens,37.75,140.75,1314:370:4,0.24
Anoplarchus,purpurescens,38.25,128.75,1312:488:2,0.35
Anoplarchus,purpurescens,38.25,125.75,1312:485:2,0.27
Anoplarchus,purpurescens,37.75,129.25,1312:479:3,0.2
Anoplarchus,purpurescens,37.75,128.75,1312:478:4,0.33
Anoplarchus,purpurescens,39.75,123.75,1312:393:4,0.35
Anoplarchus,purpurescens,39.75,121.75,1312:391:4,0.21
Anoplarchus,purpurescens,37.75,124.75,1312:374:4,0.21
Anoplarchus,purpurescens,34.75,126.75,1312:246:4,0.21
Anoplarchus,purpurescens,34.75,126.25,1312:246:3,0.25
Anoplarchus,purpurescens,34.75,120.25,1312:140:3,0.39
Anoplarchus,purpurescens,34.25,120.75,1312:140:2,0.26
Anoplarchus,purpurescens,33.75,120.25,1312:130:3,0.27
Anoplarchus,purpurescens,33.25,120.75,1312:130:2,0.2
Anoplarchus,purpurescens,39.25,118.75,1311:498:2,0.22
Anoplarchus,purpurescens,37.75,119.25,1311:479:3,0.24
Anoplarchus,purpurescens,34.75,119.75,1311:249:4,0.38
Anoplarchus,purpurescens,34.25,119.75,1311:249:2,0.32
Anoplarchus,purpurescens,61.25,-147.75,7614:217:2,0.46
Anoplarchus,purpurescens,61.25,-146.75,7614:216:2,0.53
Anoplarchus,purpurescens,61.25,-146.25,7614:216:1,0.48
Anoplarchus,purpurescens,60.25,-139.25,7613:209:1,0.55
Anoplarchus,purpurescens,56.25,-170.75,7517:360:2,0.44
Anoplarchus,purpurescens,56.25,-170.25,7517:360:1,0.55
Anoplarchus,purpurescens,56.75,-169.75,7516:469:4,0.44
Anoplarchus,purpurescens,56.75,-169.25,7516:469:3,0.42
Anoplarchus,purpurescens,56.25,-161.75,7516:361:2,0.5
Anoplarchus,purpurescens,56.25,-161.25,7516:361:1,0.43
Anoplarchus,purpurescens,56.25,-160.25,7516:360:1,0.56
Anoplarchus,purpurescens,53.75,-164.75,7516:134:4,0.5
Anoplarchus,purpurescens,58.25,-157.25,7515:487:1,0.4
Anoplarchus,purpurescens,58.75,-156.75,7515:486:4,0.42
Anoplarchus,purpurescens,56.75,-158.25,7515:468:3,0.42
Anoplarchus,purpurescens,59.75,-153.75,7515:393:4,0.57
Anoplarchus,purpurescens,47.25,-124.75,7412:374:2,0.57
Anoplarchus,purpurescens,47.75,-122.75,7412:372:4,0.56
Anoplarchus,purpurescens,46.25,-124.25,7412:364:1,0.47
Anoplarchus,purpurescens,36.75,-122.25,7312:362:3,0.57
Anoplarchus,purpurescens,36.75,-121.75,7312:361:4,0.4
Anoplarchus,purpurescens,36.25,-121.25,7312:361:1,0.46
Anoplarchus,purpurescens,34.75,-120.25,7312:140:3,0.51
Anoplarchus,purpurescens,34.25,-120.25,7312:140:1,0.52
Anoplarchus,purpurescens,33.75,-120.25,7312:130:3,0.47
Anoplarchus,purpurescens,51.75,178.75,1517:218:4,0.57
Anoplarchus,purpurescens,51.75,177.75,1517:217:4,0.45
Anoplarchus,purpurescens,51.75,177.25,1517:217:3,0.44
Anoplarchus,purpurescens,59.25,166.25,1516:496:1,0.45
Anoplarchus,purpurescens,55.25,165.25,1516:455:1,0.51
Anoplarchus,purpurescens,58.75,164.75,1516:384:4,0.41
Anoplarchus,purpurescens,56.25,163.25,1516:363:1,0.46
Anoplarchus,purpurescens,56.25,162.75,1516:362:2,0.41
Anoplarchus,purpurescens,55.75,162.25,1516:352:3,0.59
Anoplarchus,purpurescens,55.25,155.75,1515:455:2,0.47
Anoplarchus,purpurescens,55.25,155.25,1515:455:1,0.51
Anoplarchus,purpurescens,54.75,155.75,1515:245:4,0.54
Anoplarchus,purpurescens,50.75,156.75,1515:206:4,0.53
Anoplarchus,purpurescens,50.75,156.25,1515:206:3,0.55
Anoplarchus,purpurescens,50.25,155.75,1515:205:2,0.59
Anoplarchus,purpurescens,50.25,155.25,1515:205:1,0.58
Anoplarchus,purpurescens,49.75,155.75,1415:495:4,0.56
Anoplarchus,purpurescens,49.75,155.25,1415:495:3,0.51
Anoplarchus,purpurescens,49.75,154.75,1415:394:4,0.52
Anoplarchus,purpurescens,49.75,154.25,1415:394:3,0.4
Anoplarchus,purpurescens,49.25,154.75,1415:394:2,0.44
Anoplarchus,purpurescens,48.75,153.75,1415:383:4,0.4
Anoplarchus,purpurescens,46.75,151.75,1415:361:4,0.45
Anoplarchus,purpurescens,46.25,150.75,1415:360:2,0.51
Anoplarchus,purpurescens,49.25,143.25,1414:393:1,0.41
Anoplarchus,purpurescens,48.25,142.25,1414:382:1,0.46
Anoplarchus,purpurescens,47.75,142.25,1414:372:3,0.51
Anoplarchus,purpurescens,47.25,142.25,1414:372:1,0.58
Anoplarchus,purpurescens,46.75,142.75,1414:362:4,0.4
Anoplarchus,purpurescens,46.75,141.75,1414:361:4,0.58
Anoplarchus,purpurescens,46.25,141.25,1414:361:1,0.47
Anoplarchus,purpurescens,45.75,143.75,1414:353:4,0.43
Anoplarchus,purpurescens,44.25,141.75,1414:141:2,0.58
Anoplarchus,purpurescens,43.25,140.75,1414:130:2,0.56
Anoplarchus,purpurescens,41.75,141.25,1414:111:3,0.49
Anoplarchus,purpurescens,41.25,141.25,1414:111:1,0.49
Anoplarchus,purpurescens,40.75,140.75,1414:100:4,0.52
Anoplarchus,purpurescens,44.25,135.75,1413:245:2,0.56
Anoplarchus,purpurescens,43.25,132.25,1413:132:1,0.56
Anoplarchus,purpurescens,41.75,130.25,1413:110:3,0.52
Anoplarchus,purpurescens,40.25,129.25,1412:209:1,0.59
Anoplarchus,purpurescens,39.25,142.25,1314:392:1,0.54
Anoplarchus,purpurescens,39.75,141.75,1314:391:4,0.59
Anoplarchus,purpurescens,39.25,141.75,1314:391:2,0.52
Anoplarchus,purpurescens,38.75,141.75,1314:381:4,0.47
Anoplarchus,purpurescens,38.75,141.25,1314:381:3,0.43
Anoplarchus,purpurescens,38.25,141.25,1314:381:1,0.43
Anoplarchus,purpurescens,39.25,128.25,1312:498:1,0.54
Anoplarchus,purpurescens,38.75,128.25,1312:488:3,0.5
Anoplarchus,purpurescens,37.25,125.75,1312:475:2,0.46
Anoplarchus,purpurescens,36.75,126.75,1312:466:4,0.59
Anoplarchus,purpurescens,36.25,126.75,1312:466:2,0.5
Anoplarchus,purpurescens,36.25,126.25,1312:466:1,0.59
Anoplarchus,purpurescens,35.75,126.75,1312:456:4,0.41
Anoplarchus,purpurescens,35.75,126.25,1312:456:3,0.51
Anoplarchus,purpurescens,35.25,126.25,1312:456:1,0.44
Anoplarchus,purpurescens,39.75,124.75,1312:394:4,0.53
Anoplarchus,purpurescens,36.25,120.25,1312:360:1,0.52
Anoplarchus,purpurescens,60.75,-149.25,7614:209:3,0.63
Anoplarchus,purpurescens,60.75,-148.25,7614:208:3,0.79
Anoplarchus,purpurescens,60.75,-147.75,7614:207:4,0.78
Anoplarchus,purpurescens,60.75,-145.75,7614:205:4,0.79
Anoplarchus,purpurescens,60.25,-143.25,7614:103:1,0.76
Anoplarchus,purpurescens,60.25,-142.75,7614:102:2,0.71
Anoplarchus,purpurescens,60.25,-142.25,7614:102:1,0.68
Anoplarchus,purpurescens,60.25,-141.75,7614:101:2,0.66
Anoplarchus,purpurescens,60.25,-141.25,7614:101:1,0.64
Anoplarchus,purpurescens,60.25,-139.75,7613:209:2,0.61
Anoplarchus,purpurescens,52.25,-176.75,7517:226:2,0.6
Anoplarchus,purpurescens,52.25,-176.25,7517:226:1,0.72
Anoplarchus,purpurescens,52.25,-175.75,7517:225:2,0.69
Anoplarchus,purpurescens,52.25,-175.25,7517:225:1,0.73
Anoplarchus,purpurescens,51.25,-179.25,7517:219:1,0.65
Anoplarchus,purpurescens,51.75,-178.75,7517:218:4,0.73
Anoplarchus,purpurescens,51.25,-178.75,7517:218:2,0.79
Anoplarchus,purpurescens,52.25,-173.25,7517:123:1,0.6
Anoplarchus,purpurescens,52.25,-172.75,7517:122:2,0.62
Anoplarchus,purpurescens,52.25,-172.25,7517:122:1,0.71
Anoplarchus,purpurescens,52.75,-171.25,7517:121:3,0.68
Anoplarchus,purpurescens,52.75,-170.25,7517:120:3,0.66
Anoplarchus,purpurescens,56.25,-169.75,7516:469:2,0.6
Anoplarchus,purpurescens,55.75,-162.75,7516:352:4,0.72
Anoplarchus,purpurescens,55.75,-162.25,7516:352:3,0.79
Anoplarchus,purpurescens,55.75,-160.75,7516:350:4,0.62
Anoplarchus,purpurescens,53.25,-169.75,7516:239:2,0.7
Anoplarchus,purpurescens,56.25,-159.75,7515:469:2,0.7
Anoplarchus,purpurescens,59.25,-154.25,7515:394:1,0.74
Anoplarchus,purpurescens,59.75,-153.25,7515:393:3,0.75
Anoplarchus,purpurescens,59.25,-153.75,7515:393:2,0.66
Anoplarchus,purpurescens,59.75,-152.75,7515:392:4,0.72
Anoplarchus,purpurescens,59.75,-151.75,7515:391:4,0.71
Anoplarchus,purpurescens,59.75,-151.25,7515:391:3,0.75
Anoplarchus,purpurescens,56.25,-152.75,7515:362:2,0.65
Anoplarchus,purpurescens,59.25,-135.25,7513:495:1,0.68
Anoplarchus,purpurescens,58.25,-133.75,7513:383:2,0.79
Anoplarchus,purpurescens,51.25,-128.25,7512:218:1,0.64
Anoplarchus,purpurescens,46.75,-123.75,7412:363:4,0.62
Anoplarchus,purpurescens,45.75,-124.25,7412:354:3,0.71
Anoplarchus,purpurescens,45.75,-123.75,7412:353:4,0.73
Anoplarchus,purpurescens,41.75,-124.25,7412:114:3,0.75
Anoplarchus,purpurescens,41.25,-124.25,7412:114:1,0.77
Anoplarchus,purpurescens,38.75,-123.25,7312:383:3,0.7
Anoplarchus,purpurescens,37.75,-123.25,7312:373:3,0.79
Anoplarchus,purpurescens,36.25,-121.75,7312:361:2,0.69
Anoplarchus,purpurescens,35.75,-121.25,7312:351:3,0.68
Anoplarchus,purpurescens,35.25,-120.75,7312:350:2,0.63
Anoplarchus,purpurescens,34.75,-120.75,7312:140:4,0.68
Anoplarchus,purpurescens,51.75,179.75,1517:219:4,0.71
Anoplarchus,purpurescens,51.75,179.25,1517:219:3,0.66
Anoplarchus,purpurescens,51.25,179.25,1517:219:1,0.68
Anoplarchus,purpurescens,52.75,174.25,1517:124:3,0.73
Anoplarchus,purpurescens,55.25,162.25,1516:352:1,0.69
Anoplarchus,purpurescens,55.25,161.75,1516:351:2,0.62
Anoplarchus,purpurescens,54.75,162.25,1516:142:3,0.71
Anoplarchus,purpurescens,54.75,161.75,1516:141:4,0.69
Anoplarchus,purpurescens,54.75,161.25,1516:141:3,0.7
Anoplarchus,purpurescens,54.75,160.75,1516:140:4,0.68
Anoplarchus,purpurescens,54.25,159.75,1515:249:2,0.75
Anoplarchus,purpurescens,54.25,155.75,1515:245:2,0.62
Anoplarchus,purpurescens,53.25,158.25,1515:238:1,0.78
Anoplarchus,purpurescens,53.75,156.25,1515:236:3,0.66
Anoplarchus,purpurescens,53.25,156.25,1515:236:1,0.69
Anoplarchus,purpurescens,53.75,155.75,1515:235:4,0.66
Anoplarchus,purpurescens,53.25,155.75,1515:235:2,0.66
Anoplarchus,purpurescens,52.25,158.25,1515:228:1,0.79
Anoplarchus,purpurescens,52.75,156.25,1515:226:3,0.67
Anoplarchus,purpurescens,52.25,156.25,1515:226:1,0.65
Anoplarchus,purpurescens,52.75,155.75,1515:225:4,0.68
Anoplarchus,purpurescens,51.75,158.25,1515:218:3,0.75
Anoplarchus,purpurescens,51.75,157.75,1515:217:4,0.72
Anoplarchus,purpurescens,51.25,157.75,1515:217:2,0.68
Anoplarchus,purpurescens,51.25,157.25,1515:217:1,0.65
Anoplarchus,purpurescens,51.75,156.75,1515:216:4,0.66
Anoplarchus,purpurescens,51.75,156.25,1515:216:3,0.69
Anoplarchus,purpurescens,51.25,156.75,1515:216:2,0.63
Anoplarchus,purpurescens,50.25,156.75,1515:206:2,0.63
Anoplarchus,purpurescens,50.25,156.25,1515:206:1,0.61
Anoplarchus,purpurescens,50.75,155.75,1515:205:4,0.61
Anoplarchus,purpurescens,49.75,156.25,1415:496:3,0.65
Anoplarchus,purpurescens,46.25,143.25,1414:363:1,0.74
Anoplarchus,purpurescens,46.75,142.25,1414:362:3,0.73
Anoplarchus,purpurescens,45.75,143.25,1414:353:3,0.66
Anoplarchus,purpurescens,45.25,141.75,1414:351:2,0.65
Anoplarchus,purpurescens,44.75,149.25,1414:249:3,0.75
Anoplarchus,purpurescens,44.25,145.25,1414:245:1,0.79
Anoplarchus,purpurescens,44.25,144.75,1414:144:2,0.75
Anoplarchus,purpurescens,42.25,140.25,1414:120:1,0.63
Anoplarchus,purpurescens,41.25,141.75,1414:111:2,0.71
Anoplarchus,purpurescens,40.75,141.75,1414:101:4,0.66
Anoplarchus,purpurescens,40.75,141.25,1414:101:3,0.65
Anoplarchus,purpurescens,40.25,141.75,1414:101:2,0.66
Anoplarchus,purpurescens,40.25,128.75,1412:208:2,0.78
Anoplarchus,purpurescens,40.25,122.25,1412:102:1,0.79
Anoplarchus,purpurescens,39.75,142.25,1314:392:3,0.66
Anoplarchus,purpurescens,39.75,128.25,1312:498:3,0.68
Anoplarchus,purpurescens,39.25,127.75,1312:497:2,0.72
Anoplarchus,purpurescens,39.25,127.25,1312:497:1,0.79
Anoplarchus,purpurescens,39.75,125.25,1312:495:3,0.79
Anoplarchus,purpurescens,38.75,127.75,1312:487:4,0.65
Anoplarchus,purpurescens,37.75,126.75,1312:476:4,0.69
Anoplarchus,purpurescens,37.75,126.25,1312:476:3,0.7
Anoplarchus,purpurescens,37.25,126.75,1312:476:2,0.65
Anoplarchus,purpurescens,37.25,126.25,1312:476:1,0.65
Anoplarchus,purpurescens,37.75,125.75,1312:475:4,0.76
Anoplarchus,purpurescens,37.75,125.25,1312:475:3,0.62
Anoplarchus,purpurescens,36.75,126.25,1312:466:3,0.71
Anoplarchus,purpurescens,60.25,-149.25,7614:209:1,0.93
Anoplarchus,purpurescens,60.25,-148.25,7614:208:1,1
Anoplarchus,purpurescens,60.75,-147.25,7614:207:3,0.91
Anoplarchus,purpurescens,60.25,-147.75,7614:207:2,0.9
Anoplarchus,purpurescens,60.25,-147.25,7614:207:1,1
Anoplarchus,purpurescens,60.75,-146.75,7614:206:4,1
Anoplarchus,purpurescens,60.75,-146.25,7614:206:3,0.88
Anoplarchus,purpurescens,60.25,-146.75,7614:206:2,1
Anoplarchus,purpurescens,60.25,-146.25,7614:206:1,1
Anoplarchus,purpurescens,60.25,-145.75,7614:205:2,1
Anoplarchus,purpurescens,60.25,-145.25,7614:205:1,1
Anoplarchus,purpurescens,60.25,-144.75,7614:104:2,1
Anoplarchus,purpurescens,60.25,-144.25,7614:104:1,0.9
Anoplarchus,purpurescens,60.25,-143.75,7614:103:2,0.82
Anoplarchus,purpurescens,51.75,-178.25,7517:218:3,0.91
Anoplarchus,purpurescens,51.75,-177.75,7517:217:4,0.93
Anoplarchus,purpurescens,51.75,-177.25,7517:217:3,0.94
Anoplarchus,purpurescens,51.75,-176.75,7517:216:4,0.96
Anoplarchus,purpurescens,51.75,-176.25,7517:216:3,0.97
Anoplarchus,purpurescens,51.75,-175.75,7517:215:4,0.93
Anoplarchus,purpurescens,51.75,-175.25,7517:215:3,1
Anoplarchus,purpurescens,52.25,-174.75,7517:124:2,0.96
Anoplarchus,purpurescens,52.25,-174.25,7517:124:1,0.88
Anoplarchus,purpurescens,52.25,-173.75,7517:123:2,0.81
Anoplarchus,purpurescens,52.25,-171.25,7517:121:1,1
Anoplarchus,purpurescens,52.75,-170.75,7517:120:4,0.9
Anoplarchus,purpurescens,51.75,-174.75,7517:114:4,1
Anoplarchus,purpurescens,51.75,-174.25,7517:114:3,1
Anoplarchus,purpurescens,51.75,-173.25,7517:113:3,0.84
Anoplarchus,purpurescens,55.25,-164.25,7516:354:1,0.91
Anoplarchus,purpurescens,55.25,-163.75,7516:353:2,0.89
Anoplarchus,purpurescens,55.25,-163.25,7516:353:1,0.86
Anoplarchus,purpurescens,55.25,-162.75,7516:352:2,0.86
Anoplarchus,purpurescens,55.25,-162.25,7516:352:1,0.94
Anoplarchus,purpurescens,55.75,-161.75,7516:351:4,0.86
Anoplarchus,purpurescens,55.75,-161.25,7516:351:3,0.88
Anoplarchus,purpurescens,55.25,-161.75,7516:351:2,1
Anoplarchus,purpurescens,55.25,-161.25,7516:351:1,1
Anoplarchus,purpurescens,55.75,-160.25,7516:350:3,0.98
Anoplarchus,purpurescens,55.25,-160.75,7516:350:2,1
Anoplarchus,purpurescens,55.25,-160.25,7516:350:1,1
Anoplarchus,purpurescens,54.25,-166.75,7516:246:2,0.95
Anoplarchus,purpurescens,54.25,-166.25,7516:246:1,0.94
Anoplarchus,purpurescens,54.25,-165.75,7516:245:2,0.92
Anoplarchus,purpurescens,54.25,-165.25,7516:245:1,0.93
Anoplarchus,purpurescens,53.75,-168.25,7516:238:3,0.93
Anoplarchus,purpurescens,53.25,-168.75,7516:238:2,0.94
Anoplarchus,purpurescens,53.25,-168.25,7516:238:1,0.99
Anoplarchus,purpurescens,53.75,-167.75,7516:237:4,0.94
Anoplarchus,purpurescens,53.75,-167.25,7516:237:3,0.96
Anoplarchus,purpurescens,53.25,-167.75,7516:237:2,1
Anoplarchus,purpurescens,53.25,-167.25,7516:237:1,1
Anoplarchus,purpurescens,53.75,-166.75,7516:236:4,1
Anoplarchus,purpurescens,53.75,-166.25,7516:236:3,1
Anoplarchus,purpurescens,53.25,-166.75,7516:236:2,1
Anoplarchus,purpurescens,53.25,-166.25,7516:236:1,1
Anoplarchus,purpurescens,52.75,-169.75,7516:229:4,0.82
Anoplarchus,purpurescens,52.75,-169.25,7516:229:3,1
Anoplarchus,purpurescens,52.75,-168.75,7516:228:4,1
Anoplarchus,purpurescens,54.75,-164.75,7516:144:4,0.91
Anoplarchus,purpurescens,54.75,-164.25,7516:144:3,0.98
Anoplarchus,purpurescens,54.25,-164.75,7516:144:2,1
Anoplarchus,purpurescens,54.25,-164.25,7516:144:1,1
Anoplarchus,purpurescens,54.75,-163.75,7516:143:4,1
Anoplarchus,purpurescens,54.75,-163.25,7516:143:3,1
Anoplarchus,purpurescens,54.75,-162.75,7516:142:4,1
Anoplarchus,purpurescens,54.75,-162.25,7516:142:3,1
Anoplarchus,purpurescens,54.25,-162.75,7516:142:2,1
Anoplarchus,purpurescens,54.25,-162.25,7516:142:1,1
Anoplarchus,purpurescens,54.75,-161.75,7516:141:4,1
Anoplarchus,purpurescens,54.75,-161.25,7516:141:3,1
Anoplarchus,purpurescens,54.75,-160.75,7516:140:4,1
Anoplarchus,purpurescens,54.75,-160.25,7516:140:3,1
Anoplarchus,purpurescens,57.75,-156.25,7515:476:3,0.91
Anoplarchus,purpurescens,57.25,-156.75,7515:476:2,0.91
Anoplarchus,purpurescens,57.25,-156.25,7515:476:1,1
Anoplarchus,purpurescens,57.75,-155.75,7515:475:4,0.95
Anoplarchus,purpurescens,57.75,-155.25,7515:475:3,1
Anoplarchus,purpurescens,57.25,-155.75,7515:475:2,1
Anoplarchus,purpurescens,56.25,-158.75,7515:468:2,0.84
Anoplarchus,purpurescens,56.25,-158.25,7515:468:1,1
Anoplarchus,purpurescens,56.75,-157.75,7515:467:4,0.89
Anoplarchus,purpurescens,56.75,-157.25,7515:467:3,1
Anoplarchus,purpurescens,56.25,-157.75,7515:467:2,1
Anoplarchus,purpurescens,56.25,-157.25,7515:467:1,1
Anoplarchus,purpurescens,56.75,-156.75,7515:466:4,1
Anoplarchus,purpurescens,56.25,-156.75,7515:466:2,1
Anoplarchus,purpurescens,56.25,-155.25,7515:465:1,1
Anoplarchus,purpurescens,55.75,-159.75,7515:459:4,1
Anoplarchus,purpurescens,55.75,-159.25,7515:459:3,1
Anoplarchus,purpurescens,55.25,-159.75,7515:459:2,1
Anoplarchus,purpurescens,55.25,-159.25,7515:459:1,1
Anoplarchus,purpurescens,55.75,-158.75,7515:458:4,1
Anoplarchus,purpurescens,55.75,-158.25,7515:458:3,1
Anoplarchus,purpurescens,55.25,-158.75,7515:458:2,1
Anoplarchus,purpurescens,55.75,-157.75,7515:457:4,1
Anoplarchus,purpurescens,55.75,-157.25,7515:457:3,1
Anoplarchus,purpurescens,55.25,-157.75,7515:457:2,1
Anoplarchus,purpurescens,55.25,-156.75,7515:456:2,1
Anoplarchus,purpurescens,55.75,-155.75,7515:455:4,1
Anoplarchus,purpurescens,55.75,-155.25,7515:455:3,1
Anoplarchus,purpurescens,59.25,-153.25,7515:393:1,0.92
Anoplarchus,purpurescens,59.25,-151.75,7515:391:2,0.99
Anoplarchus,purpurescens,59.25,-151.25,7515:391:1,1
Anoplarchus,purpurescens,59.75,-150.75,7515:390:4,0.84
Anoplarchus,purpurescens,59.75,-150.25,7515:390:3,0.89
Anoplarchus,purpurescens,59.25,-150.75,7515:390:2,1
Anoplarchus,purpurescens,59.25,-150.25,7515:390:1,1
Anoplarchus,purpurescens,58.25,-154.75,7515:384:2,0.97
Anoplarchus,purpurescens,58.25,-154.25,7515:384:1,1
Anoplarchus,purpurescens,58.75,-153.75,7515:383:4,1
Anoplarchus,purpurescens,58.75,-153.25,7515:383:3,1
Anoplarchus,purpurescens,58.25,-153.75,7515:383:2,1
Anoplarchus,purpurescens,58.25,-153.25,7515:383:1,1
Anoplarchus,purpurescens,58.75,-152.75,7515:382:4,0.97
Anoplarchus,purpurescens,58.75,-152.25,7515:382:3,1
Anoplarchus,purpurescens,58.25,-152.75,7515:382:2,1
Anoplarchus,purpurescens,58.25,-152.25,7515:382:1,1
Anoplarchus,purpurescens,58.75,-151.75,7515:381:4,0.93
Anoplarchus,purpurescens,58.25,-151.75,7515:381:2,1
Anoplarchus,purpurescens,57.75,-154.75,7515:374:4,1
Anoplarchus,purpurescens,57.75,-154.25,7515:374:3,1
Anoplarchus,purpurescens,57.25,-154.75,7515:374:2,1
Anoplarchus,purpurescens,57.25,-154.25,7515:374:1,1
Anoplarchus,purpurescens,57.75,-153.75,7515:373:4,1
Anoplarchus,purpurescens,57.75,-153.25,7515:373:3,1
Anoplarchus,purpurescens,57.25,-153.75,7515:373:2,1
Anoplarchus,purpurescens,57.25,-153.25,7515:373:1,1
Anoplarchus,purpurescens,57.75,-152.75,7515:372:4,1
Anoplarchus,purpurescens,57.75,-152.25,7515:372:3,1
Anoplarchus,purpurescens,57.25,-152.75,7515:372:2,1
Anoplarchus,purpurescens,57.25,-152.25,7515:372:1,1
Anoplarchus,purpurescens,56.75,-154.75,7515:364:4,1
Anoplarchus,purpurescens,56.75,-154.25,7515:364:3,1
Anoplarchus,purpurescens,56.25,-154.75,7515:364:2,1
Anoplarchus,purpurescens,56.25,-154.25,7515:364:1,1
Anoplarchus,purpurescens,56.75,-153.75,7515:363:4,1
Anoplarchus,purpurescens,56.75,-153.25,7515:363:3,1
Anoplarchus,purpurescens,56.25,-153.25,7515:363:1,1
Anoplarchus,purpurescens,56.75,-151.75,7515:361:4,0.89
Anoplarchus,purpurescens,54.75,-159.75,7515:249:4,1
Anoplarchus,purpurescens,54.75,-159.25,7515:249:3,1
Anoplarchus,purpurescens,54.75,-158.75,7515:248:4,1
Anoplarchus,purpurescens,59.75,-149.75,7514:499:4,1
Anoplarchus,purpurescens,59.75,-149.25,7514:499:3,1
Anoplarchus,purpurescens,59.75,-148.75,7514:498:4,1
Anoplarchus,purpurescens,59.75,-148.25,7514:498:3,1
Anoplarchus,purpurescens,59.75,-147.75,7514:497:4,1
Anoplarchus,purpurescens,59.75,-147.25,7514:497:3,1
Anoplarchus,purpurescens,59.75,-146.25,7514:496:3,0.93
Anoplarchus,purpurescens,59.25,-146.25,7514:496:1,1
Anoplarchus,purpurescens,59.75,-144.75,7514:394:4,1
Anoplarchus,purpurescens,59.75,-144.25,7514:394:3,1
Anoplarchus,purpurescens,59.75,-143.75,7514:393:4,1
Anoplarchus,purpurescens,59.75,-141.75,7514:391:4,1
Anoplarchus,purpurescens,59.75,-141.25,7514:391:3,1
Anoplarchus,purpurescens,59.75,-140.75,7514:390:4,0.99
Anoplarchus,purpurescens,59.75,-140.25,7514:390:3,1
Anoplarchus,purpurescens,59.75,-139.75,7513:499:4,1
Anoplarchus,purpurescens,59.75,-139.25,7513:499:3,0.88
Anoplarchus,purpurescens,59.25,-139.75,7513:499:2,1
Anoplarchus,purpurescens,59.25,-139.25,7513:499:1,1
Anoplarchus,purpurescens,59.25,-138.75,7513:498:2,0.99
Anoplarchus,purpurescens,59.25,-138.25,7513:498:1,0.94
Anoplarchus,purpurescens,58.75,-138.25,7513:488:3,1
Anoplarchus,purpurescens,58.75,-137.75,7513:487:4,1
Anoplarchus,purpurescens,58.75,-137.25,7513:487:3,1
Anoplarchus,purpurescens,58.25,-137.25,7513:487:1,1
Anoplarchus,purpurescens,58.75,-136.75,7513:486:4,1
Anoplarchus,purpurescens,58.75,-136.25,7513:486:3,1
Anoplarchus,purpurescens,58.25,-136.75,7513:486:2,1
Anoplarchus,purpurescens,58.25,-136.25,7513:486:1,1
Anoplarchus,purpurescens,58.75,-135.75,7513:485:4,0.99
Anoplarchus,purpurescens,58.75,-135.25,7513:485:3,1
Anoplarchus,purpurescens,58.25,-135.75,7513:485:2,1
Anoplarchus,purpurescens,58.25,-135.25,7513:485:1,1
Anoplarchus,purpurescens,57.75,-136.75,7513:476:4,1
Anoplarchus,purpurescens,57.75,-136.25,7513:476:3,1
Anoplarchus,purpurescens,57.75,-135.75,7513:475:4,1
Anoplarchus,purpurescens,57.75,-135.25,7513:475:3,1
Anoplarchus,purpurescens,57.25,-135.75,7513:475:2,1
Anoplarchus,purpurescens,57.25,-135.25,7513:475:1,1
Anoplarchus,purpurescens,56.75,-135.75,7513:465:4,1
Anoplarchus,purpurescens,56.75,-135.25,7513:465:3,1
Anoplarchus,purpurescens,58.75,-134.75,7513:384:4,0.87
Anoplarchus,purpurescens,58.25,-134.75,7513:384:2,1
Anoplarchus,purpurescens,58.25,-134.25,7513:384:1,1
Anoplarchus,purpurescens,57.75,-134.75,7513:374:4,1
Anoplarchus,purpurescens,57.75,-134.25,7513:374:3,1
Anoplarchus,purpurescens,57.25,-134.75,7513:374:2,1
Anoplarchus,purpurescens,57.25,-134.25,7513:374:1,1
Anoplarchus,purpurescens,57.75,-133.75,7513:373:4,1
Anoplarchus,purpurescens,57.75,-133.25,7513:373:3,0.82
Anoplarchus,purpurescens,57.25,-133.75,7513:373:2,1
Anoplarchus,purpurescens,57.25,-133.25,7513:373:1,1
Anoplarchus,purpurescens,57.25,-132.75,7513:372:2,0.85
Anoplarchus,purpurescens,56.75,-134.75,7513:364:4,1
Anoplarchus,purpurescens,56.75,-134.25,7513:364:3,1
Anoplarchus,purpurescens,56.25,-134.75,7513:364:2,1
Anoplarchus,purpurescens,56.25,-134.25,7513:364:1,1
Anoplarchus,purpurescens,56.75,-133.75,7513:363:4,1
Anoplarchus,purpurescens,56.75,-133.25,7513:363:3,1
Anoplarchus,purpurescens,56.25,-133.75,7513:363:2,1
Anoplarchus,purpurescens,56.25,-133.25,7513:363:1,1
Anoplarchus,purpurescens,56.75,-132.75,7513:362:4,1
Anoplarchus,purpurescens,56.75,-132.25,7513:362:3,0.87
Anoplarchus,purpurescens,56.25,-132.75,7513:362:2,1
Anoplarchus,purpurescens,56.25,-132.25,7513:362:1,1
Anoplarchus,purpurescens,56.25,-131.75,7513:361:2,0.9
Anoplarchus,purpurescens,55.75,-134.75,7513:354:4,1
Anoplarchus,purpurescens,55.75,-134.25,7513:354:3,1
Anoplarchus,purpurescens,55.75,-133.75,7513:353:4,1
Anoplarchus,purpurescens,55.75,-133.25,7513:353:3,1
Anoplarchus,purpurescens,55.25,-133.75,7513:353:2,1
Anoplarchus,purpurescens,55.25,-133.25,7513:353:1,1
Anoplarchus,purpurescens,55.75,-132.75,7513:352:4,1
Anoplarchus,purpurescens,55.75,-132.25,7513:352:3,1
Anoplarchus,purpurescens,55.25,-132.75,7513:352:2,1
Anoplarchus,purpurescens,55.25,-132.25,7513:352:1,1
Anoplarchus,purpurescens,55.75,-131.75,7513:351:4,1
Anoplarchus,purpurescens,55.75,-131.25,7513:351:3,0.95
Anoplarchus,purpurescens,55.25,-131.75,7513:351:2,1
Anoplarchus,purpurescens,55.25,-131.25,7513:351:1,1
Anoplarchus,purpurescens,55.75,-130.75,7513:350:4,0.81
Anoplarchus,purpurescens,55.25,-130.75,7513:350:2,1
Anoplarchus,purpurescens,55.25,-130.25,7513:350:1,1
Anoplarchus,purpurescens,54.75,-133.75,7513:143:4,1
Anoplarchus,purpurescens,54.75,-133.25,7513:143:3,1
Anoplarchus,purpurescens,54.25,-133.25,7513:143:1,1
Anoplarchus,purpurescens,54.75,-132.75,7513:142:4,1
Anoplarchus,purpurescens,54.75,-132.25,7513:142:3,1
Anoplarchus,purpurescens,54.25,-132.75,7513:142:2,1
Anoplarchus,purpurescens,54.25,-132.25,7513:142:1,1
Anoplarchus,purpurescens,54.75,-131.75,7513:141:4,1
Anoplarchus,purpurescens,54.75,-131.25,7513:141:3,1
Anoplarchus,purpurescens,54.25,-131.75,7513:141:2,1
Anoplarchus,purpurescens,54.25,-131.25,7513:141:1,1
Anoplarchus,purpurescens,54.75,-130.75,7513:140:4,1
Anoplarchus,purpurescens,54.75,-130.25,7513:140:3,1
Anoplarchus,purpurescens,54.25,-130.75,7513:140:2,1
Anoplarchus,purpurescens,54.25,-130.25,7513:140:1,1
Anoplarchus,purpurescens,53.75,-133.25,7513:133:3,1
Anoplarchus,purpurescens,53.75,-132.75,7513:132:4,1
Anoplarchus,purpurescens,53.75,-132.25,7513:132:3,1
Anoplarchus,purpurescens,53.25,-132.75,7513:132:2,1
Anoplarchus,purpurescens,53.25,-132.25,7513:132:1,1
Anoplarchus,purpurescens,53.75,-131.75,7513:131:4,1
Anoplarchus,purpurescens,53.75,-131.25,7513:131:3,1
Anoplarchus,purpurescens,53.25,-131.75,7513:131:2,1
Anoplarchus,purpurescens,53.25,-131.25,7513:131:1,1
Anoplarchus,purpurescens,53.75,-130.75,7513:130:4,1
Anoplarchus,purpurescens,53.75,-130.25,7513:130:3,1
Anoplarchus,purpurescens,53.25,-130.75,7513:130:2,0.91
Anoplarchus,purpurescens,53.25,-130.25,7513:130:1,1
Anoplarchus,purpurescens,52.75,-132.25,7513:122:3,1
Anoplarchus,purpurescens,52.75,-131.75,7513:121:4,1
Anoplarchus,purpurescens,52.75,-131.25,7513:121:3,1
Anoplarchus,purpurescens,52.25,-131.75,7513:121:2,1
Anoplarchus,purpurescens,52.25,-131.25,7513:121:1,1
Anoplarchus,purpurescens,52.25,-130.75,7513:120:2,0.95
Anoplarchus,purpurescens,51.75,-131.25,7513:111:3,0.91
Anoplarchus,purpurescens,51.75,-130.75,7513:110:4,0.92
Anoplarchus,purpurescens,55.25,-129.75,7512:459:2,1
Anoplarchus,purpurescens,54.75,-129.75,7512:249:4,1
Anoplarchus,purpurescens,54.25,-129.75,7512:249:2,1
Anoplarchus,purpurescens,53.75,-129.75,7512:239:4,1
Anoplarchus,purpurescens,53.75,-129.25,7512:239:3,1
Anoplarchus,purpurescens,53.25,-129.75,7512:239:2,1
Anoplarchus,purpurescens,53.25,-129.25,7512:239:1,1
Anoplarchus,purpurescens,53.75,-128.75,7512:238:4,1
Anoplarchus,purpurescens,52.75,-129.75,7512:229:4,0.91
Anoplarchus,purpurescens,52.75,-129.25,7512:229:3,1
Anoplarchus,purpurescens,52.25,-129.25,7512:229:1,0.83
Anoplarchus,purpurescens,52.75,-128.75,7512:228:4,1
Anoplarchus,purpurescens,52.75,-128.25,7512:228:3,1
Anoplarchus,purpurescens,52.25,-128.75,7512:228:2,1
Anoplarchus,purpurescens,52.25,-128.25,7512:228:1,1
Anoplarchus,purpurescens,52.25,-127.75,7512:227:2,1
Anoplarchus,purpurescens,51.75,-128.25,7512:218:3,1
Anoplarchus,purpurescens,51.75,-127.75,7512:217:4,1
Anoplarchus,purpurescens,51.25,-127.75,7512:217:2,1
Anoplarchus,purpurescens,51.25,-127.25,7512:217:1,1
Anoplarchus,purpurescens,50.75,-129.25,7512:209:3,1
Anoplarchus,purpurescens,50.75,-128.75,7512:208:4,1
Anoplarchus,purpurescens,50.75,-128.25,7512:208:3,1
Anoplarchus,purpurescens,50.25,-128.25,7512:208:1,1
Anoplarchus,purpurescens,50.75,-127.75,7512:207:4,1
Anoplarchus,purpurescens,50.75,-127.25,7512:207:3,1
Anoplarchus,purpurescens,50.25,-127.75,7512:207:2,1
Anoplarchus,purpurescens,50.25,-127.25,7512:207:1,1
Anoplarchus,purpurescens,50.75,-126.75,7512:206:4,1
Anoplarchus,purpurescens,50.75,-126.25,7512:206:3,1
Anoplarchus,purpurescens,50.25,-126.25,7512:206:1,1
Anoplarchus,purpurescens,50.25,-125.75,7512:205:2,1
Anoplarchus,purpurescens,50.25,-125.25,7512:205:1,0.99
Anoplarchus,purpurescens,50.25,-124.75,7512:104:2,0.99
Anoplarchus,purpurescens,49.75,-127.25,7412:497:3,1
Anoplarchus,purpurescens,49.75,-126.75,7412:496:4,1
Anoplarchus,purpurescens,49.25,-126.75,7412:496:2,1
Anoplarchus,purpurescens,49.25,-126.25,7412:496:1,1
Anoplarchus,purpurescens,49.75,-125.25,7412:495:3,1
Anoplarchus,purpurescens,49.25,-125.75,7412:495:2,1
Anoplarchus,purpurescens,48.75,-125.75,7412:485:4,1
Anoplarchus,purpurescens,48.75,-125.25,7412:485:3,1
Anoplarchus,purpurescens,49.75,-124.75,7412:394:4,0.99
Anoplarchus,purpurescens,49.75,-124.25,7412:394:3,1
Anoplarchus,purpurescens,49.25,-124.75,7412:394:2,1
Anoplarchus,purpurescens,49.25,-124.25,7412:394:1,1
Anoplarchus,purpurescens,49.75,-123.75,7412:393:4,1
Anoplarchus,purpurescens,49.25,-123.75,7412:393:2,1
Anoplarchus,purpurescens,49.25,-123.25,7412:393:1,1
Anoplarchus,purpurescens,49.25,-122.75,7412:392:2,1
Anoplarchus,purpurescens,48.75,-124.75,7412:384:4,1
Anoplarchus,purpurescens,48.75,-124.25,7412:384:3,1
Anoplarchus,purpurescens,48.25,-124.75,7412:384:2,1
Anoplarchus,purpurescens,48.25,-124.25,7412:384:1,1
Anoplarchus,purpurescens,48.75,-123.75,7412:383:4,1
Anoplarchus,purpurescens,48.75,-123.25,7412:383:3,0.99
Anoplarchus,purpurescens,48.25,-123.75,7412:383:2,0.94
Anoplarchus,purpurescens,48.25,-123.25,7412:383:1,0.92
Anoplarchus,purpurescens,48.75,-122.75,7412:382:4,1
Anoplarchus,purpurescens,48.75,-122.25,7412:382:3,0.94
Anoplarchus,purpurescens,48.25,-122.75,7412:382:2,0.87
Anoplarchus,purpurescens,48.25,-122.25,7412:382:1,0.93
Anoplarchus,purpurescens,47.75,-124.75,7412:374:4,1
Anoplarchus,purpurescens,47.75,-124.25,7412:374:3,1
Anoplarchus,purpurescens,47.25,-124.25,7412:374:1,1
Anoplarchus,purpurescens,47.75,-122.25,7412:372:3,0.94
Anoplarchus,purpurescens,47.25,-122.25,7412:372:1,0.97
Anoplarchus,purpurescens,46.75,-124.25,7412:364:3,0.8
Anoplarchus,purpurescens,45.25,-123.75,7412:353:2,0.84
Anoplarchus,purpurescens,44.75,-124.25,7412:144:3,1
Anoplarchus,purpurescens,44.25,-124.25,7412:144:1,1
Anoplarchus,purpurescens,43.75,-124.25,7412:134:3,1
Anoplarchus,purpurescens,43.25,-124.25,7412:134:1,1
Anoplarchus,purpurescens,42.75,-124.75,7412:124:4,1
Anoplarchus,purpurescens,42.75,-124.25,7412:124:3,0.96
Anoplarchus,purpurescens,42.25,-124.25,7412:124:1,0.86
Anoplarchus,purpurescens,40.75,-124.25,7412:104:3,0.98
Anoplarchus,purpurescens,40.25,-124.25,7412:104:1,0.99
Anoplarchus,purpurescens,39.75,-123.75,7312:393:4,0.83
Anoplarchus,purpurescens,39.25,-123.75,7312:393:2,1
Anoplarchus,purpurescens,38.75,-123.75,7312:383:4,0.93
Anoplarchus,purpurescens,38.25,-123.25,7312:383:1,0.95
Anoplarchus,purpurescens,52.75,173.75,1517:123:4,0.98
Anoplarchus,purpurescens,52.75,173.25,1517:123:3,0.99
Anoplarchus,purpurescens,52.25,173.75,1517:123:2,0.99
Anoplarchus,purpurescens,52.25,173.25,1517:123:1,1
Anoplarchus,purpurescens,52.75,172.75,1517:122:4,0.99
Anoplarchus,purpurescens,55.25,166.25,1516:456:1,0.84
Anoplarchus,purpurescens,55.25,165.75,1516:455:2,0.86
Anoplarchus,purpurescens,54.75,167.75,1516:247:4,0.86
Anoplarchus,purpurescens,54.75,167.25,1516:247:3,0.87
Anoplarchus,purpurescens,54.75,166.75,1516:246:4,0.9
Anoplarchus,purpurescens,54.75,166.25,1516:246:3,0.93
Anoplarchus,purpurescens,54.25,160.75,1516:140:2,0.8
Anoplarchus,purpurescens,54.25,160.25,1516:140:1,0.83
Anoplarchus,purpurescens,53.75,160.25,1516:130:3,0.88
Anoplarchus,purpurescens,53.25,160.25,1516:130:1,0.86
Anoplarchus,purpurescens,53.75,159.75,1515:239:4,0.86
Anoplarchus,purpurescens,53.25,159.75,1515:239:2,0.85
Anoplarchus,purpurescens,53.25,159.25,1515:239:1,0.86
Anoplarchus,purpurescens,53.25,158.75,1515:238:2,0.82
Anoplarchus,purpurescens,52.75,158.75,1515:228:4,0.86
Anoplarchus,purpurescens,52.25,158.75,1515:228:2,0.81
Anoplarchus,purpurescens,46.25,150.25,1415:360:1,0.87
Anoplarchus,purpurescens,45.75,150.25,1415:350:3,0.81
Anoplarchus,purpurescens,46.25,149.75,1414:469:2,0.99
Anoplarchus,purpurescens,45.75,149.75,1414:459:4,0.93
Anoplarchus,purpurescens,45.75,149.25,1414:459:3,1
Anoplarchus,purpurescens,45.25,149.25,1414:459:1,1
Anoplarchus,purpurescens,45.75,148.75,1414:458:4,0.99
Anoplarchus,purpurescens,45.25,148.75,1414:458:2,1
Anoplarchus,purpurescens,45.25,148.25,1414:458:1,0.99
Anoplarchus,purpurescens,45.25,147.75,1414:457:2,0.93
Anoplarchus,purpurescens,46.25,142.75,1414:362:2,0.84
Anoplarchus,purpurescens,46.25,142.25,1414:362:1,0.86
Anoplarchus,purpurescens,46.25,141.75,1414:361:2,0.82
Anoplarchus,purpurescens,45.75,142.75,1414:352:4,0.87
Anoplarchus,purpurescens,45.75,142.25,1414:352:3,0.96
Anoplarchus,purpurescens,45.25,142.75,1414:352:2,0.93
Anoplarchus,purpurescens,45.25,142.25,1414:352:1,0.96
Anoplarchus,purpurescens,45.75,141.75,1414:351:4,0.82
Anoplarchus,purpurescens,44.75,148.75,1414:248:4,1
Anoplarchus,purpurescens,44.75,147.75,1414:247:4,1
Anoplarchus,purpurescens,44.75,147.25,1414:247:3,0.96
Anoplarchus,purpurescens,44.25,147.25,1414:247:1,1
Anoplarchus,purpurescens,44.75,146.75,1414:246:4,0.9
Anoplarchus,purpurescens,44.75,146.25,1414:246:3,0.87
Anoplarchus,purpurescens,44.25,146.75,1414:246:2,0.97
Anoplarchus,purpurescens,44.25,146.25,1414:246:1,0.96
Anoplarchus,purpurescens,44.25,145.75,1414:245:2,0.84
Anoplarchus,purpurescens,43.75,147.25,1414:237:3,1
Anoplarchus,purpurescens,43.75,146.75,1414:236:4,1
Anoplarchus,purpurescens,43.75,146.25,1414:236:3,1
Anoplarchus,purpurescens,43.25,146.75,1414:236:2,1
Anoplarchus,purpurescens,43.25,146.25,1414:236:1,1
Anoplarchus,purpurescens,43.75,145.75,1414:235:4,0.99
Anoplarchus,purpurescens,43.75,145.25,1414:235:3,0.98
Anoplarchus,purpurescens,43.25,145.75,1414:235:2,1
Anoplarchus,purpurescens,43.25,145.25,1414:235:1,0.99
Anoplarchus,purpurescens,44.25,144.25,1414:144:1,0.82
Anoplarchus,purpurescens,44.75,143.25,1414:143:3,0.92
Anoplarchus,purpurescens,44.25,143.75,1414:143:2,0.89
Anoplarchus,purpurescens,44.25,143.25,1414:143:1,0.92
Anoplarchus,purpurescens,44.75,142.75,1414:142:4,0.93
Anoplarchus,purpurescens,43.75,144.75,1414:134:4,0.89
Anoplarchus,purpurescens,43.75,144.25,1414:134:3,0.89
Anoplarchus,purpurescens,43.25,144.75,1414:134:2,0.96
Anoplarchus,purpurescens,43.75,141.75,1414:131:4,0.99
Anoplarchus,purpurescens,43.25,141.25,1414:131:1,0.98
Anoplarchus,purpurescens,42.75,144.75,1414:124:4,1
Anoplarchus,purpurescens,42.75,144.25,1414:124:3,1
Anoplarchus,purpurescens,42.75,143.75,1414:123:4,1
Anoplarchus,purpurescens,42.75,143.25,1414:123:3,0.99
Anoplarchus,purpurescens,42.25,143.75,1414:123:2,1
Anoplarchus,purpurescens,42.25,143.25,1414:123:1,1
Anoplarchus,purpurescens,42.25,142.75,1414:122:2,1
Anoplarchus,purpurescens,42.25,142.25,1414:122:1,0.99
Anoplarchus,purpurescens,42.75,141.75,1414:121:4,1
Anoplarchus,purpurescens,42.75,141.25,1414:121:3,0.98
Anoplarchus,purpurescens,42.25,141.25,1414:121:1,0.95
Anoplarchus,purpurescens,42.75,140.75,1414:120:4,0.86
Anoplarchus,purpurescens,42.25,140.75,1414:120:2,0.92
Anoplarchus,purpurescens,41.75,143.25,1414:113:3,1
Anoplarchus,purpurescens,43.25,131.75,1413:131:2,0.86
Anoplarchus,purpurescens,42.25,130.25,1413:120:1,0.96
Anoplarchus,purpurescens,41.75,129.75,1412:219:4,0.98
Anoplarchus,purpurescens,41.25,129.75,1412:219:2,1
Anoplarchus,purpurescens,40.75,129.75,1412:209:4,0.89
Anoplarchus,purpurescens,40.75,129.25,1412:209:3,0.86
Anoplarchus,purpurescens,40.25,128.25,1412:208:1,0.9
Anoplarchus,purpurescens,40.75,122.25,1412:102:3,0.91
Anoplarchus,purpurescens,40.75,121.75,1412:101:4,0.9
Anoplarchus,purpurescens,40.25,121.75,1412:101:2,0.89
Anoplarchus,purpurescens,39.75,127.75,1312:497:4,0.8
Anoplarchus,purpurescens,39.25,125.25,1312:495:1,0.89
Anoplarchus,purpurescens,38.75,125.25,1312:485:3,0.87
Anoplarchus,purpurescens,38.25,125.25,1312:485:1,0.81
Anoplarchus,purpurescens,39.75,124.25,1312:394:3,0.97